tp,fp,fn,tn,precision,recall,f_measure,mcc,precision@15,precision@20,precision@n_positives,threshold
13.0,0.0,1.0,3426.0,1.0,0.9285714285714286,0.962962962962963,0.9634835084469433,0.9333333333333333,0.7,1.0,0.9441299961213392
11.0,0.0,0.0,3429.0,1.0,1.0,1.0,1.0,0.7333333333333333,0.55,1.0,0.9982260144731311
10.0,0.0,1.0,3429.0,1.0,0.9090909090909091,0.9523809523809523,0.953323590398109,0.7333333333333333,0.55,1.0,0.9971794831523398
9.0,0.0,1.0,3430.0,1.0,0.9,0.9473684210526316,0.9485450362559954,0.6666666666666666,0.5,1.0,0.9922277912920671
11.0,0.0,0.0,3429.0,1.0,1.0,1.0,1.0,0.7333333333333333,0.55,1.0,0.1925121935779986
12.0,0.0,0.0,3428.0,1.0,1.0,1.0,1.0,0.8,0.6,1.0,0.9930733031454411
18.0,0.0,1.0,3421.0,1.0,0.9473684210526315,0.972972972972973,0.973186300068424,1.0,0.95,1.0,0.9923835016389181
19.0,0.0,0.0,3421.0,1.0,1.0,1.0,1.0,1.0,0.95,1.0,0.9298139832803853
19.0,0.0,0.0,3421.0,1.0,1.0,1.0,1.0,1.0,0.95,1.0,0.9948680785175457
19.0,0.0,0.0,3421.0,1.0,1.0,1.0,1.0,1.0,0.95,1.0,0.941504238732361
17.0,0.0,1.0,3422.0,1.0,0.9444444444444444,0.9714285714285714,0.9716833502358617,1.0,0.9,0.9444444444444444,0.9702348898409641
18.0,0.0,0.0,3422.0,1.0,1.0,1.0,1.0,1.0,0.9,1.0,0.9815974161262929
18.0,0.0,0.0,3422.0,1.0,1.0,1.0,1.0,1.0,0.9,1.0,0.969535729382489
9.0,0.0,2.0,3429.0,1.0,0.8181818181818182,0.9,0.90427035961787,0.7333333333333333,0.55,1.0,0.9947693163987892
31.0,0.0,0.0,3409.0,1.0,1.0,1.0,1.0,1.0,1.0,1.0,0.6059168919617793
11.0,0.0,0.0,3429.0,1.0,1.0,1.0,1.0,0.7333333333333333,0.55,1.0,0.996602575009061
11.0,0.0,0.0,3429.0,1.0,1.0,1.0,1.0,0.7333333333333333,0.55,1.0,0.9864960212288887
10.0,0.0,0.0,3430.0,1.0,1.0,1.0,1.0,0.6666666666666666,0.5,1.0,0.9944901197248235
17.0,0.0,0.0,3423.0,1.0,1.0,1.0,1.0,1.0,0.85,1.0,0.9069447751677172
14.0,0.0,3.0,3423.0,1.0,0.8235294117647058,0.9032258064516129,0.9070878031825806,1.0,0.85,1.0,0.9359156283883685
16.0,0.0,1.0,3423.0,1.0,0.9411764705882353,0.9696969696969697,0.9700008217947925,1.0,0.8,0.9411764705882353,0.9861354808665493
17.0,0.0,0.0,3423.0,1.0,1.0,1.0,1.0,1.0,0.85,1.0,0.8266789482588425
10.0,0.0,1.0,3429.0,1.0,0.9090909090909091,0.9523809523809523,0.953323590398109,0.7333333333333333,0.55,1.0,0.9959247923795556
24.0,0.0,0.0,3416.0,1.0,1.0,1.0,1.0,1.0,1.0,1.0,0.9969154650310807
21.0,0.0,3.0,3416.0,1.0,0.875,0.9333333333333333,0.9350038671827408,1.0,1.0,1.0,0.9962315610623029
12.0,1.0,0.0,3427.0,0.9230769230769231,1.0,0.9600000000000001,0.9606287771186212,0.8,0.6,1.0,0.9945472359227371
14.0,0.0,0.0,3426.0,1.0,1.0,1.0,1.0,0.9333333333333333,0.7,1.0,0.9876719741726658
11.0,0.0,2.0,3427.0,1.0,0.8461538461538461,0.9166666666666666,0.9195979111009676,0.8666666666666667,0.65,1.0,0.9958490265475137
11.0,0.0,0.0,3429.0,1.0,1.0,1.0,1.0,0.7333333333333333,0.55,1.0,0.9926625242402305
14.0,0.0,0.0,3426.0,1.0,1.0,1.0,1.0,0.9333333333333333,0.7,1.0,0.9896794820106056
10.0,0.0,0.0,3430.0,1.0,1.0,1.0,1.0,0.6666666666666666,0.5,1.0,0.30520583991119576
21.0,0.0,0.0,3419.0,1.0,1.0,1.0,1.0,1.0,1.0,1.0,0.9285962022730013
18.0,1.0,2.0,3419.0,0.9473684210526315,0.9,0.9230769230769231,0.9229455995013829,0.9333333333333333,0.95,0.95,0.9253816165491805
19.0,0.0,0.0,3421.0,1.0,1.0,1.0,1.0,1.0,0.95,1.0,0.9172743010989911
17.0,0.0,1.0,3422.0,1.0,0.9444444444444444,0.9714285714285714,0.9716833502358617,1.0,0.9,1.0,0.9420388404375274
16.0,0.0,1.0,3423.0,1.0,0.9411764705882353,0.9696969696969697,0.9700008217947925,1.0,0.85,1.0,0.9910473069006742
9.0,0.0,1.0,3430.0,1.0,0.9,0.9473684210526316,0.9485450362559954,0.6666666666666666,0.5,1.0,0.994225385686125
10.0,0.0,0.0,3430.0,1.0,1.0,1.0,1.0,0.6666666666666666,0.5,1.0,0.8930395384664332
10.0,1.0,0.0,3429.0,0.9090909090909091,1.0,0.9523809523809523,0.953323590398109,0.6666666666666666,0.5,0.9,0.35175385982377194
11.0,0.0,0.0,3429.0,1.0,1.0,1.0,1.0,0.7333333333333333,0.55,1.0,0.9552648614046134
13.0,0.0,0.0,3427.0,1.0,1.0,1.0,1.0,0.8666666666666667,0.65,1.0,0.9917739846179938
17.0,0.0,0.0,3423.0,1.0,1.0,1.0,1.0,1.0,0.85,1.0,0.9900025189560376
17.0,1.0,0.0,3422.0,0.9444444444444444,1.0,0.9714285714285714,0.9716833502358617,0.9333333333333333,0.85,0.9411764705882353,0.9118556461446037
10.0,0.0,0.0,3430.0,1.0,1.0,1.0,1.0,0.6666666666666666,0.5,1.0,0.9411206507891577
10.0,0.0,0.0,3430.0,1.0,1.0,1.0,1.0,0.6666666666666666,0.5,1.0,0.9456745627506166
9.0,0.0,1.0,3430.0,1.0,0.9,0.9473684210526316,0.9485450362559954,0.6666666666666666,0.5,1.0,0.9940866730215075
11.0,1.0,1.0,3427.0,0.9166666666666666,0.9166666666666666,0.9166666666666666,0.9163749513807857,0.8,0.6,0.9166666666666666,0.32163689027317294
12.0,2.0,1.0,3425.0,0.8571428571428571,0.9230769230769231,0.888888888888889,0.8890665326272503,0.8666666666666667,0.65,0.8461538461538461,0.255413570642799
13.0,1.0,0.0,3426.0,0.9285714285714286,1.0,0.962962962962963,0.9634835084469433,0.8666666666666667,0.65,0.9230769230769231,0.25583339063489646
11.0,0.0,1.0,3428.0,1.0,0.9166666666666666,0.9565217391304348,0.9572874902407936,0.8,0.6,1.0,0.24528466403476876
13.0,0.0,0.0,3427.0,1.0,1.0,1.0,1.0,0.8666666666666667,0.65,1.0,0.9786386427919851
11.0,2.0,0.0,3427.0,0.8461538461538461,1.0,0.9166666666666666,0.9195979111009676,0.7333333333333333,0.55,0.8181818181818182,0.45075164420964503
14.0,0.0,0.0,3426.0,1.0,1.0,1.0,1.0,0.9333333333333333,0.7,1.0,0.8587289627414075
12.0,2.0,0.0,3426.0,0.8571428571428571,1.0,0.923076923076923,0.9255499844933457,0.8,0.6,0.8333333333333334,0.05553726146061655
11.0,2.0,1.0,3426.0,0.8461538461538461,0.9166666666666666,0.8799999999999999,0.8802727078333362,0.8,0.6,0.8333333333333334,0.17148327212201778
12.0,2.0,0.0,3426.0,0.8571428571428571,1.0,0.923076923076923,0.9255499844933457,0.8,0.6,0.9166666666666666,0.2373370816143577
12.0,2.0,0.0,3426.0,0.8571428571428571,1.0,0.923076923076923,0.9255499844933457,0.8,0.6,0.8333333333333334,0.13533584709885474
12.0,3.0,0.0,3425.0,0.8,1.0,0.888888888888889,0.8940357282088259,0.8,0.6,0.75,0.2486482137504932
12.0,0.0,0.0,3428.0,1.0,1.0,1.0,1.0,0.8,0.6,1.0,0.19287463474081154
9.0,1.0,2.0,3428.0,0.9,0.8181818181818182,0.8571428571428572,0.857685411600515,0.7333333333333333,0.55,0.9090909090909091,0.41512310002923114
15.0,0.0,1.0,3424.0,1.0,0.9375,0.967741935483871,0.9681044764756864,1.0,0.8,1.0,0.9242504556151722
15.0,0.0,0.0,3425.0,1.0,1.0,1.0,1.0,1.0,0.75,1.0,0.9340048810211722
16.0,0.0,1.0,3423.0,1.0,0.9411764705882353,0.9696969696969697,0.9700008217947925,1.0,0.85,1.0,0.9607450215753793
24.0,0.0,0.0,3416.0,1.0,1.0,1.0,1.0,1.0,1.0,1.0,0.9750377116065322
24.0,0.0,0.0,3416.0,1.0,1.0,1.0,1.0,1.0,1.0,1.0,0.9941000025184064
24.0,0.0,0.0,3416.0,1.0,1.0,1.0,1.0,1.0,1.0,1.0,0.9686011546416347
24.0,0.0,0.0,3416.0,1.0,1.0,1.0,1.0,1.0,1.0,1.0,0.9828918162962437
13.0,0.0,1.0,3426.0,1.0,0.9285714285714286,0.962962962962963,0.9634835084469433,0.9333333333333333,0.7,1.0,0.9738528217425543
14.0,0.0,0.0,3426.0,1.0,1.0,1.0,1.0,0.9333333333333333,0.7,1.0,0.979752106954613
8.0,0.0,2.0,3430.0,1.0,0.8,0.888888888888889,0.8941665390372195,0.6,0.45,0.9,0.997626997192399
13.0,0.0,1.0,3426.0,1.0,0.9285714285714286,0.962962962962963,0.9634835084469433,0.9333333333333333,0.7,1.0,0.9955327145215975
12.0,0.0,2.0,3426.0,1.0,0.8571428571428571,0.923076923076923,0.9255499844933457,0.9333333333333333,0.7,1.0,0.8245868001138826
10.0,0.0,1.0,3429.0,1.0,0.9090909090909091,0.9523809523809523,0.953323590398109,0.6666666666666666,0.5,0.9090909090909091,0.21622300759739518
12.0,1.0,1.0,3426.0,0.9230769230769231,0.9230769230769231,0.9230769230769231,0.9227851226684025,0.8666666666666667,0.65,0.9230769230769231,0.2818396742929493
13.0,1.0,0.0,3426.0,0.9285714285714286,1.0,0.962962962962963,0.9634835084469433,0.8666666666666667,0.65,0.9230769230769231,0.2216084691411068
14.0,1.0,0.0,3425.0,0.9333333333333333,1.0,0.9655172413793104,0.9659507786586252,0.9333333333333333,0.7,0.9285714285714286,0.27262249553926
12.0,2.0,0.0,3426.0,0.8571428571428571,1.0,0.923076923076923,0.9255499844933457,0.8,0.6,0.8333333333333334,0.41736132680282256
14.0,0.0,0.0,3426.0,1.0,1.0,1.0,1.0,0.9333333333333333,0.7,1.0,0.23128643499977095
10.0,1.0,0.0,3429.0,0.9090909090909091,1.0,0.9523809523809523,0.953323590398109,0.6666666666666666,0.5,0.9,0.6601008906473866
10.0,0.0,0.0,3430.0,1.0,1.0,1.0,1.0,0.6666666666666666,0.5,1.0,0.9824164875745406
9.0,0.0,2.0,3429.0,1.0,0.8181818181818182,0.9,0.90427035961787,0.6666666666666666,0.5,0.9090909090909091,0.2791969321952022
22.0,0.0,0.0,3418.0,1.0,1.0,1.0,1.0,1.0,1.0,1.0,0.9838852731450984
9.0,0.0,1.0,3430.0,1.0,0.9,0.9473684210526316,0.9485450362559954,0.6666666666666666,0.5,0.9,0.9063449085544343
16.0,0.0,0.0,3424.0,1.0,1.0,1.0,1.0,1.0,0.8,1.0,0.2033578405221278
12.0,1.0,0.0,3427.0,0.9230769230769231,1.0,0.9600000000000001,0.9606287771186212,0.8,0.6,0.9166666666666666,0.3051264416081732
11.0,2.0,0.0,3427.0,0.8461538461538461,1.0,0.9166666666666666,0.9195979111009676,0.7333333333333333,0.55,0.8181818181818182,0.3131041210014062
11.0,1.0,0.0,3428.0,0.9166666666666666,1.0,0.9565217391304348,0.9572874902407936,0.7333333333333333,0.55,0.9090909090909091,0.2596672422700608
10.0,1.0,0.0,3429.0,0.9090909090909091,1.0,0.9523809523809523,0.953323590398109,0.6666666666666666,0.5,0.9,0.6841053988434169
10.0,2.0,1.0,3427.0,0.8333333333333334,0.9090909090909091,0.8695652173913043,0.8699567125164823,0.7333333333333333,0.55,0.8181818181818182,0.31239705627270775
11.0,1.0,0.0,3428.0,0.9166666666666666,1.0,0.9565217391304348,0.9572874902407936,0.7333333333333333,0.55,0.9090909090909091,0.18177033784324576
17.0,1.0,0.0,3422.0,0.9444444444444444,1.0,0.9714285714285714,0.9716833502358617,1.0,0.85,1.0,0.9517793256682415
23.0,1.0,0.0,3416.0,0.9583333333333334,1.0,0.9787234042553191,0.9788017536204406,0.9333333333333333,0.95,0.9565217391304348,0.8851397808531666
34.0,4.0,0.0,3402.0,0.8947368421052632,1.0,0.9444444444444444,0.9453497050505376,0.8666666666666667,0.85,0.9117647058823529,0.4615755472438334
14.0,0.0,0.0,3426.0,1.0,1.0,1.0,1.0,0.9333333333333333,0.7,1.0,0.9679200195958744
16.0,0.0,0.0,3424.0,1.0,1.0,1.0,1.0,1.0,0.8,1.0,0.9324800888975876
14.0,0.0,0.0,3426.0,1.0,1.0,1.0,1.0,0.9333333333333333,0.7,1.0,0.9813921010459523
13.0,0.0,1.0,3426.0,1.0,0.9285714285714286,0.962962962962963,0.9634835084469433,0.9333333333333333,0.7,1.0,0.9861644384756921
14.0,0.0,0.0,3426.0,1.0,1.0,1.0,1.0,0.9333333333333333,0.7,1.0,0.9910568913136623
17.0,0.0,1.0,3422.0,1.0,0.9444444444444444,0.9714285714285714,0.9716833502358617,1.0,0.9,1.0,0.983872789911195
14.0,0.0,0.0,3426.0,1.0,1.0,1.0,1.0,0.9333333333333333,0.7,1.0,0.9586774530901516
16.0,0.0,0.0,3424.0,1.0,1.0,1.0,1.0,1.0,0.8,1.0,0.992347140634439
10.0,0.0,0.0,3430.0,1.0,1.0,1.0,1.0,0.6666666666666666,0.5,1.0,0.5326176336775091
10.0,0.0,0.0,3430.0,1.0,1.0,1.0,1.0,0.6666666666666666,0.5,1.0,0.9904694375381551
14.0,0.0,0.0,3426.0,1.0,1.0,1.0,1.0,0.9333333333333333,0.7,1.0,0.1666628276878751
11.0,2.0,0.0,3427.0,0.8461538461538461,1.0,0.9166666666666666,0.9195979111009676,0.7333333333333333,0.55,0.8181818181818182,0.23309608511043287
11.0,1.0,0.0,3428.0,0.9166666666666666,1.0,0.9565217391304348,0.9572874902407936,0.7333333333333333,0.55,0.9090909090909091,0.19326608500453987
11.0,1.0,0.0,3428.0,0.9166666666666666,1.0,0.9565217391304348,0.9572874902407936,0.7333333333333333,0.55,0.9090909090909091,0.2744401360095596
11.0,1.0,0.0,3428.0,0.9166666666666666,1.0,0.9565217391304348,0.9572874902407936,0.7333333333333333,0.55,0.9090909090909091,0.23228946298214972
11.0,1.0,0.0,3428.0,0.9166666666666666,1.0,0.9565217391304348,0.9572874902407936,0.7333333333333333,0.55,0.9090909090909091,0.25653594336125474
14.0,1.0,0.0,3425.0,0.9333333333333333,1.0,0.9655172413793104,0.9659507786586252,0.9333333333333333,0.7,0.9285714285714286,0.22526709474483086
10.0,0.0,0.0,3430.0,1.0,1.0,1.0,1.0,0.6666666666666666,0.5,1.0,0.9378772284589788
9.0,0.0,1.0,3430.0,1.0,0.9,0.9473684210526316,0.9485450362559954,0.6666666666666666,0.5,0.9,0.9880738912627741
12.0,0.0,1.0,3427.0,1.0,0.9230769230769231,0.9600000000000001,0.9606287771186212,0.8666666666666667,0.65,1.0,0.9987232384453685
14.0,1.0,0.0,3425.0,0.9333333333333333,1.0,0.9655172413793104,0.9659507786586252,0.9333333333333333,0.7,0.9285714285714286,0.27801040434966867
17.0,3.0,0.0,3420.0,0.85,1.0,0.9189189189189189,0.9215503455802556,0.8,0.85,0.8235294117647058,0.07290575491275192
17.0,0.0,0.0,3423.0,1.0,1.0,1.0,1.0,1.0,0.85,1.0,0.9171155428251638
11.0,1.0,0.0,3428.0,0.9166666666666666,1.0,0.9565217391304348,0.9572874902407936,0.7333333333333333,0.55,0.9090909090909091,0.19302006437000677
11.0,1.0,0.0,3428.0,0.9166666666666666,1.0,0.9565217391304348,0.9572874902407936,0.7333333333333333,0.55,0.9090909090909091,0.24967722905144393
11.0,1.0,0.0,3428.0,0.9166666666666666,1.0,0.9565217391304348,0.9572874902407936,0.7333333333333333,0.55,0.9090909090909091,0.2702093436692974
11.0,0.0,0.0,3429.0,1.0,1.0,1.0,1.0,0.7333333333333333,0.55,1.0,0.18372169136422073
11.0,3.0,0.0,3426.0,0.7857142857142857,1.0,0.88,0.8860174217480403,0.7333333333333333,0.55,0.7272727272727273,0.2702872894566972
11.0,2.0,0.0,3427.0,0.8461538461538461,1.0,0.9166666666666666,0.9195979111009676,0.7333333333333333,0.55,0.8181818181818182,0.30756316883696067
10.0,1.0,1.0,3428.0,0.9090909090909091,0.9090909090909091,0.9090909090909091,0.908799278878019,0.7333333333333333,0.55,0.9090909090909091,0.21764278898817357
10.0,0.0,0.0,3430.0,1.0,1.0,1.0,1.0,0.6666666666666666,0.5,1.0,0.9883370916994134
10.0,0.0,0.0,3430.0,1.0,1.0,1.0,1.0,0.6666666666666666,0.5,1.0,0.9926962256738093
17.0,2.0,0.0,3421.0,0.8947368421052632,1.0,0.9444444444444444,0.9456289244541289,1.0,0.85,1.0,0.2331042932320436
17.0,3.0,0.0,3420.0,0.85,1.0,0.9189189189189189,0.9215503455802556,0.8666666666666667,0.85,0.8823529411764706,0.2605678526592097
17.0,0.0,0.0,3423.0,1.0,1.0,1.0,1.0,1.0,0.85,1.0,0.23812889158600903
16.0,2.0,0.0,3422.0,0.8888888888888888,1.0,0.9411764705882353,0.942533648253103,0.9333333333333333,0.8,0.9375,0.23392124661208985
16.0,4.0,1.0,3419.0,0.8,0.9411764705882353,0.8648648648648648,0.8670244909398002,0.8666666666666667,0.8,0.8823529411764706,0.26147792310274653
17.0,2.0,0.0,3421.0,0.8947368421052632,1.0,0.9444444444444444,0.9456289244541289,0.9333333333333333,0.85,0.9411764705882353,0.24749096443517052
17.0,2.0,0.0,3421.0,0.8947368421052632,1.0,0.9444444444444444,0.9456289244541289,0.9333333333333333,0.85,0.9411764705882353,0.23551492809636704
15.0,4.0,2.0,3419.0,0.7894736842105263,0.8823529411764706,0.8333333333333333,0.8337605852990073,0.9333333333333333,0.8,0.8823529411764706,0.265593946403541
17.0,1.0,0.0,3422.0,0.9444444444444444,1.0,0.9714285714285714,0.9716833502358617,0.9333333333333333,0.85,0.9411764705882353,0.235765115204166
17.0,3.0,0.0,3420.0,0.85,1.0,0.9189189189189189,0.9215503455802556,0.8666666666666667,0.85,0.8235294117647058,0.20675495281070252
17.0,2.0,0.0,3421.0,0.8947368421052632,1.0,0.9444444444444444,0.9456289244541289,0.9333333333333333,0.85,0.9411764705882353,0.17900138246784636
14.0,1.0,0.0,3425.0,0.9333333333333333,1.0,0.9655172413793104,0.9659507786586252,0.9333333333333333,0.7,0.9285714285714286,0.26747850141255
10.0,0.0,0.0,3430.0,1.0,1.0,1.0,1.0,0.6666666666666666,0.5,1.0,0.9696642488711145
10.0,0.0,0.0,3430.0,1.0,1.0,1.0,1.0,0.6666666666666666,0.5,1.0,0.9959349329812093
8.0,0.0,2.0,3430.0,1.0,0.8,0.888888888888889,0.8941665390372195,0.6666666666666666,0.5,1.0,0.9923606920207518
16.0,4.0,2.0,3418.0,0.8,0.8888888888888888,0.8421052631578948,0.842411331216117,0.8,0.8,0.7777777777777778,0.4539896402867592
13.0,0.0,1.0,3426.0,1.0,0.9285714285714286,0.962962962962963,0.9634835084469433,0.9333333333333333,0.7,1.0,0.2977887628938877
17.0,1.0,0.0,3422.0,0.9444444444444444,1.0,0.9714285714285714,0.9716833502358617,0.9333333333333333,0.85,0.9411764705882353,0.3224168974860154
17.0,2.0,0.0,3421.0,0.8947368421052632,1.0,0.9444444444444444,0.9456289244541289,0.8666666666666667,0.85,0.8823529411764706,0.2517999374113718
13.0,0.0,0.0,3427.0,1.0,1.0,1.0,1.0,0.8666666666666667,0.65,1.0,0.28793293829744576
16.0,1.0,0.0,3423.0,0.9411764705882353,1.0,0.9696969696969697,0.9700008217947925,0.9333333333333333,0.8,0.9375,0.38152953386018473
16.0,0.0,0.0,3424.0,1.0,1.0,1.0,1.0,1.0,0.8,1.0,0.30069922198856075
14.0,0.0,1.0,3425.0,1.0,0.9333333333333333,0.9655172413793104,0.9659507786586252,0.9333333333333333,0.7,0.9333333333333333,0.29762514533485585
15.0,1.0,1.0,3423.0,0.9375,0.9375,0.9375,0.9372079439252337,0.9333333333333333,0.8,0.9375,0.3348575183249557
15.0,0.0,0.0,3425.0,1.0,1.0,1.0,1.0,1.0,0.75,1.0,0.28141777483314356
16.0,1.0,0.0,3423.0,0.9411764705882353,1.0,0.9696969696969697,0.9700008217947925,0.9333333333333333,0.8,0.9375,0.29569539055785793
13.0,0.0,0.0,3427.0,1.0,1.0,1.0,1.0,0.8666666666666667,0.65,1.0,0.29124163959662
14.0,1.0,0.0,3425.0,0.9333333333333333,1.0,0.9655172413793104,0.9659507786586252,0.9333333333333333,0.7,0.9285714285714286,0.3372903413002521
16.0,1.0,0.0,3423.0,0.9411764705882353,1.0,0.9696969696969697,0.9700008217947925,0.9333333333333333,0.8,0.9375,0.4477744645624311
16.0,1.0,0.0,3423.0,0.9411764705882353,1.0,0.9696969696969697,0.9700008217947925,0.9333333333333333,0.8,0.9375,0.35608564814191346
16.0,2.0,0.0,3422.0,0.8888888888888888,1.0,0.9411764705882353,0.942533648253103,0.9333333333333333,0.8,0.9375,0.2836889896520947
19.0,1.0,0.0,3420.0,0.95,1.0,0.9743589743589743,0.9745369687292794,1.0,0.95,0.9473684210526315,0.9705953733642603
17.0,1.0,0.0,3422.0,0.9444444444444444,1.0,0.9714285714285714,0.9716833502358617,0.9333333333333333,0.85,0.9411764705882353,0.3304327524637108
14.0,1.0,2.0,3423.0,0.9333333333333333,0.875,0.9032258064516129,0.9032625878643865,0.9333333333333333,0.8,0.9375,0.2522224779695816
14.0,1.0,1.0,3424.0,0.9333333333333333,0.9333333333333333,0.9333333333333333,0.9330413625304136,0.9333333333333333,0.75,0.9333333333333333,0.32045505741518276
15.0,1.0,1.0,3423.0,0.9375,0.9375,0.9375,0.9372079439252337,0.9333333333333333,0.8,0.9375,0.3993793219662329
17.0,0.0,0.0,3423.0,1.0,1.0,1.0,1.0,1.0,0.85,1.0,0.3182855562623978
14.0,0.0,0.0,3426.0,1.0,1.0,1.0,1.0,0.9333333333333333,0.7,1.0,0.28745232638436496
16.0,2.0,0.0,3422.0,0.8888888888888888,1.0,0.9411764705882353,0.942533648253103,0.8666666666666667,0.8,0.875,0.41220878267171207
17.0,2.0,1.0,3420.0,0.8947368421052632,0.9444444444444444,0.918918918918919,0.9188201161677553,0.8666666666666667,0.9,0.8888888888888888,0.39903391170368585
16.0,6.0,0.0,3418.0,0.7272727272727273,1.0,0.8421052631578948,0.8520553390271408,0.7333333333333333,0.7,0.75,0.6929463030812673
16.0,1.0,0.0,3423.0,0.9411764705882353,1.0,0.9696969696969697,0.9700008217947925,0.9333333333333333,0.8,0.9375,0.25868886050851897
9.0,0.0,1.0,3430.0,1.0,0.9,0.9473684210526316,0.9485450362559954,0.6666666666666666,0.5,1.0,0.9916463249547514
9.0,0.0,1.0,3430.0,1.0,0.9,0.9473684210526316,0.9485450362559954,0.6666666666666666,0.5,1.0,0.6071874801116813
10.0,0.0,0.0,3430.0,1.0,1.0,1.0,1.0,0.6666666666666666,0.5,1.0,0.9623384999927914
10.0,0.0,0.0,3430.0,1.0,1.0,1.0,1.0,0.6666666666666666,0.5,1.0,0.9903444757187387
10.0,0.0,0.0,3430.0,1.0,1.0,1.0,1.0,0.6666666666666666,0.5,1.0,0.9887612866250788
10.0,1.0,0.0,3429.0,0.9090909090909091,1.0,0.9523809523809523,0.953323590398109,0.6666666666666666,0.5,0.9,0.9975314555964525
11.0,1.0,0.0,3428.0,0.9166666666666666,1.0,0.9565217391304348,0.9572874902407936,0.7333333333333333,0.55,0.9090909090909091,0.386783061385606
11.0,1.0,0.0,3428.0,0.9166666666666666,1.0,0.9565217391304348,0.9572874902407936,0.7333333333333333,0.55,0.9090909090909091,0.23860010976875262
10.0,1.0,1.0,3428.0,0.9090909090909091,0.9090909090909091,0.9090909090909091,0.908799278878019,0.7333333333333333,0.55,0.9090909090909091,0.2451599413503044
11.0,1.0,0.0,3428.0,0.9166666666666666,1.0,0.9565217391304348,0.9572874902407936,0.7333333333333333,0.55,0.9090909090909091,0.29968428138554903
10.0,1.0,1.0,3428.0,0.9090909090909091,0.9090909090909091,0.9090909090909091,0.908799278878019,0.7333333333333333,0.55,0.9090909090909091,0.250373113340583
11.0,0.0,0.0,3429.0,1.0,1.0,1.0,1.0,0.7333333333333333,0.55,1.0,0.19254086182358615
11.0,2.0,0.0,3427.0,0.8461538461538461,1.0,0.9166666666666666,0.9195979111009676,0.7333333333333333,0.55,0.8181818181818182,0.49323488727672693
10.0,1.0,2.0,3427.0,0.9090909090909091,0.8333333333333334,0.8695652173913043,0.8699567125164823,0.8,0.6,0.9166666666666666,0.260371738539253
13.0,0.0,1.0,3426.0,1.0,0.9285714285714286,0.962962962962963,0.9634835084469433,0.9333333333333333,0.7,1.0,0.9468991702347092
13.0,0.0,2.0,3425.0,1.0,0.8666666666666667,0.9285714285714286,0.9306776452090689,0.9333333333333333,0.75,0.9333333333333333,0.8220058283101219
16.0,0.0,0.0,3424.0,1.0,1.0,1.0,1.0,1.0,0.8,1.0,0.8988233490620172
16.0,0.0,0.0,3424.0,1.0,1.0,1.0,1.0,1.0,0.8,1.0,0.7742368905201796
18.0,1.0,0.0,3421.0,0.9473684210526315,1.0,0.972972972972973,0.973186300068424,1.0,0.9,0.9444444444444444,0.9837701540285282
15.0,0.0,1.0,3424.0,1.0,0.9375,0.967741935483871,0.9681044764756864,1.0,0.8,1.0,0.7533954373967895
10.0,0.0,0.0,3430.0,1.0,1.0,1.0,1.0,0.6666666666666666,0.5,1.0,0.996290275083351
9.0,0.0,1.0,3430.0,1.0,0.9,0.9473684210526316,0.9485450362559954,0.6666666666666666,0.5,1.0,0.9957375725013944
15.0,0.0,3.0,3422.0,1.0,0.8333333333333334,0.9090909090909091,0.912471044102789,1.0,0.9,0.9444444444444444,0.867044031763467
19.0,0.0,0.0,3421.0,1.0,1.0,1.0,1.0,1.0,0.95,1.0,0.9606059267872858
19.0,0.0,0.0,3421.0,1.0,1.0,1.0,1.0,1.0,0.95,1.0,0.9838274564510112
22.0,0.0,0.0,3418.0,1.0,1.0,1.0,1.0,1.0,1.0,1.0,0.9910219259685646
12.0,0.0,0.0,3428.0,1.0,1.0,1.0,1.0,0.8,0.6,1.0,0.9891486666920045
22.0,0.0,0.0,3418.0,1.0,1.0,1.0,1.0,1.0,1.0,1.0,0.9589509222972206
10.0,0.0,0.0,3430.0,1.0,1.0,1.0,1.0,0.6666666666666666,0.5,1.0,0.3688831916652078
10.0,0.0,0.0,3430.0,1.0,1.0,1.0,1.0,0.6666666666666666,0.5,1.0,0.3727063229130276
10.0,0.0,0.0,3430.0,1.0,1.0,1.0,1.0,0.6666666666666666,0.5,1.0,0.3780495740638553
11.0,1.0,0.0,3428.0,0.9166666666666666,1.0,0.9565217391304348,0.9572874902407936,0.7333333333333333,0.55,0.9090909090909091,0.4650396745014629
11.0,0.0,0.0,3429.0,1.0,1.0,1.0,1.0,0.7333333333333333,0.55,1.0,0.41789291780676846
11.0,0.0,0.0,3429.0,1.0,1.0,1.0,1.0,0.7333333333333333,0.55,1.0,0.3878189364257639
11.0,1.0,0.0,3428.0,0.9166666666666666,1.0,0.9565217391304348,0.9572874902407936,0.7333333333333333,0.55,0.9090909090909091,0.7512528937059333
11.0,0.0,1.0,3428.0,1.0,0.9166666666666666,0.9565217391304348,0.9572874902407936,0.8,0.6,1.0,0.40701413737815784
11.0,2.0,0.0,3427.0,0.8461538461538461,1.0,0.9166666666666666,0.9195979111009676,0.7333333333333333,0.55,0.8181818181818182,0.46716574088419616
10.0,0.0,0.0,3430.0,1.0,1.0,1.0,1.0,0.6666666666666666,0.5,1.0,0.35812550813459065
10.0,0.0,0.0,3430.0,1.0,1.0,1.0,1.0,0.6666666666666666,0.5,1.0,0.350837320373194
10.0,0.0,0.0,3430.0,1.0,1.0,1.0,1.0,0.6666666666666666,0.5,1.0,0.9850213239078717
11.0,0.0,0.0,3429.0,1.0,1.0,1.0,1.0,0.7333333333333333,0.55,1.0,0.3868493757019549
9.0,1.0,1.0,3429.0,0.9,0.9,0.9,0.8997084548104957,0.6666666666666666,0.5,0.9,0.7724812404857955
16.0,3.0,1.0,3420.0,0.8421052631578947,0.9411764705882353,0.8888888888888888,0.8896947548765681,0.8,0.85,0.8235294117647058,0.359143145565853
8.0,0.0,2.0,3430.0,1.0,0.8,0.888888888888889,0.8941665390372195,0.6666666666666666,0.5,1.0,0.9794797247832154
10.0,0.0,0.0,3430.0,1.0,1.0,1.0,1.0,0.6666666666666666,0.5,1.0,0.8018072238668461
14.0,2.0,0.0,3424.0,0.875,1.0,0.9333333333333333,0.93514127287459,0.8666666666666667,0.7,0.8571428571428571,0.3880859662600517
14.0,2.0,0.0,3424.0,0.875,1.0,0.9333333333333333,0.93514127287459,0.8666666666666667,0.7,0.8571428571428571,0.6517759445098282
9.0,0.0,1.0,3430.0,1.0,0.9,0.9473684210526316,0.9485450362559954,0.6666666666666666,0.5,1.0,0.9956462546827916
10.0,0.0,0.0,3430.0,1.0,1.0,1.0,1.0,0.6666666666666666,0.5,1.0,0.9955691567157094
11.0,0.0,1.0,3428.0,1.0,0.9166666666666666,0.9565217391304348,0.9572874902407936,0.8,0.6,1.0,0.9930402252158017
13.0,0.0,0.0,3427.0,1.0,1.0,1.0,1.0,0.8666666666666667,0.65,1.0,0.9956397146942103
12.0,0.0,1.0,3427.0,1.0,0.9230769230769231,0.9600000000000001,0.9606287771186212,0.8666666666666667,0.65,1.0,0.9978634845886021
13.0,0.0,0.0,3427.0,1.0,1.0,1.0,1.0,0.8666666666666667,0.65,1.0,0.9934070791119658
12.0,0.0,1.0,3427.0,1.0,0.9230769230769231,0.9600000000000001,0.9606287771186212,0.8666666666666667,0.65,1.0,0.9892868888024895
11.0,0.0,1.0,3428.0,1.0,0.9166666666666666,0.9565217391304348,0.9572874902407936,0.8,0.6,1.0,0.9957777134309137
11.0,1.0,1.0,3427.0,0.9166666666666666,0.9166666666666666,0.9166666666666666,0.9163749513807857,0.8,0.6,0.9166666666666666,0.9556841973871556
8.0,0.0,2.0,3430.0,1.0,0.8,0.888888888888889,0.8941665390372195,0.6666666666666666,0.5,1.0,0.997981183088231
10.0,0.0,0.0,3430.0,1.0,1.0,1.0,1.0,0.6666666666666666,0.5,1.0,0.9916983801820628
9.0,0.0,1.0,3430.0,1.0,0.9,0.9473684210526316,0.9485450362559954,0.6,0.45,0.9,0.9953636680260028
8.0,0.0,2.0,3430.0,1.0,0.8,0.888888888888889,0.8941665390372195,0.6666666666666666,0.5,1.0,0.997041021796739
10.0,0.0,0.0,3430.0,1.0,1.0,1.0,1.0,0.6666666666666666,0.5,1.0,0.9724333851343354
13.0,2.0,0.0,3425.0,0.8666666666666667,1.0,0.9285714285714286,0.9306776452090689,0.8666666666666667,0.65,0.8461538461538461,0.9850506278618533
10.0,0.0,0.0,3430.0,1.0,1.0,1.0,1.0,0.6666666666666666,0.5,1.0,0.985637667503768
12.0,0.0,1.0,3427.0,1.0,0.9230769230769231,0.9600000000000001,0.9606287771186212,0.8666666666666667,0.65,1.0,0.9479874152731242
20.0,2.0,0.0,3418.0,0.9090909090909091,1.0,0.9523809523809523,0.953183758244091,0.8666666666666667,0.9,0.9,0.9206648569969665
11.0,0.0,0.0,3429.0,1.0,1.0,1.0,1.0,0.7333333333333333,0.55,1.0,0.9915877885559781
16.0,0.0,1.0,3423.0,1.0,0.9411764705882353,0.9696969696969697,0.9700008217947925,1.0,0.85,1.0,0.8603242687485224
10.0,0.0,1.0,3429.0,1.0,0.9090909090909091,0.9523809523809523,0.953323590398109,0.6666666666666666,0.5,0.9090909090909091,0.9796384454940605
11.0,0.0,0.0,3429.0,1.0,1.0,1.0,1.0,0.7333333333333333,0.55,1.0,0.6506069615740384
16.0,2.0,1.0,3421.0,0.8888888888888888,0.9411764705882353,0.9142857142857143,0.9142248511673541,0.8666666666666667,0.85,0.8823529411764706,0.9763744142887897
11.0,0.0,0.0,3429.0,1.0,1.0,1.0,1.0,0.7333333333333333,0.55,1.0,0.9505717282577302
23.0,0.0,1.0,3416.0,1.0,0.9583333333333334,0.9787234042553191,0.9788017536204406,1.0,1.0,1.0,0.8130269781501871
10.0,0.0,0.0,3430.0,1.0,1.0,1.0,1.0,0.6666666666666666,0.5,1.0,0.8307975642085081
10.0,1.0,0.0,3429.0,0.9090909090909091,1.0,0.9523809523809523,0.953323590398109,0.6666666666666666,0.5,0.9,0.9956255608453278
11.0,1.0,0.0,3428.0,0.9166666666666666,1.0,0.9565217391304348,0.9572874902407936,0.7333333333333333,0.55,1.0,0.9902611284459777
10.0,1.0,0.0,3429.0,0.9090909090909091,1.0,0.9523809523809523,0.953323590398109,0.6666666666666666,0.5,0.9,0.9977309862100374
6.0,0.0,4.0,3430.0,1.0,0.6,0.7499999999999999,0.7741454040303064,0.6666666666666666,0.5,1.0,0.9873329171113284
10.0,0.0,0.0,3430.0,1.0,1.0,1.0,1.0,0.6666666666666666,0.5,1.0,0.9759044606293595
10.0,0.0,0.0,3430.0,1.0,1.0,1.0,1.0,0.6666666666666666,0.5,1.0,0.9951446914221633
9.0,0.0,1.0,3430.0,1.0,0.9,0.9473684210526316,0.9485450362559954,0.6666666666666666,0.5,1.0,0.9686985453931525
10.0,0.0,0.0,3430.0,1.0,1.0,1.0,1.0,0.6666666666666666,0.5,1.0,0.9965264970196843
14.0,0.0,0.0,3426.0,1.0,1.0,1.0,1.0,0.9333333333333333,0.7,1.0,0.9901464949599554
15.0,0.0,1.0,3424.0,1.0,0.9375,0.967741935483871,0.9681044764756864,1.0,0.8,1.0,0.992036782284111
9.0,0.0,1.0,3430.0,1.0,0.9,0.9473684210526316,0.9485450362559954,0.6666666666666666,0.5,1.0,0.9969480655985188
10.0,0.0,0.0,3430.0,1.0,1.0,1.0,1.0,0.6666666666666666,0.5,1.0,0.9977828699308856
12.0,1.0,1.0,3426.0,0.9230769230769231,0.9230769230769231,0.9230769230769231,0.9227851226684025,0.8666666666666667,0.65,0.9230769230769231,0.9521684461891322
22.0,0.0,0.0,3418.0,1.0,1.0,1.0,1.0,1.0,1.0,1.0,0.9850306987822389
14.0,2.0,0.0,3424.0,0.875,1.0,0.9333333333333333,0.93514127287459,0.8666666666666667,0.7,0.8571428571428571,0.36238070814095674
14.0,0.0,0.0,3426.0,1.0,1.0,1.0,1.0,0.9333333333333333,0.7,1.0,0.3123053892469327
14.0,1.0,0.0,3425.0,0.9333333333333333,1.0,0.9655172413793104,0.9659507786586252,0.9333333333333333,0.7,0.9285714285714286,0.1746235481667239
14.0,1.0,0.0,3425.0,0.9333333333333333,1.0,0.9655172413793104,0.9659507786586252,0.9333333333333333,0.7,0.9285714285714286,0.29321561724727196
12.0,0.0,1.0,3427.0,1.0,0.9230769230769231,0.9600000000000001,0.9606287771186212,0.8666666666666667,0.65,1.0,0.9856691332342624
16.0,0.0,0.0,3424.0,1.0,1.0,1.0,1.0,1.0,0.8,1.0,0.9931236157056684
16.0,0.0,0.0,3424.0,1.0,1.0,1.0,1.0,1.0,0.8,1.0,0.9879159577119717
15.0,0.0,0.0,3425.0,1.0,1.0,1.0,1.0,1.0,0.75,1.0,0.989841106263711
16.0,0.0,0.0,3424.0,1.0,1.0,1.0,1.0,1.0,0.8,1.0,0.9862386215528302
20.0,0.0,0.0,3420.0,1.0,1.0,1.0,1.0,1.0,1.0,1.0,0.9926391012806235
18.0,0.0,2.0,3420.0,1.0,0.9,0.9473684210526316,0.9484060268775449,1.0,0.95,0.95,0.9943561556152909
13.0,1.0,0.0,3426.0,0.9285714285714286,1.0,0.962962962962963,0.9634835084469433,0.8666666666666667,0.65,0.9230769230769231,0.9833249214731967
12.0,0.0,1.0,3427.0,1.0,0.9230769230769231,0.9600000000000001,0.9606287771186212,0.8666666666666667,0.65,1.0,0.982142082779061
12.0,0.0,2.0,3426.0,1.0,0.8571428571428571,0.923076923076923,0.9255499844933457,0.9333333333333333,0.7,1.0,0.9548357467361362
13.0,0.0,0.0,3427.0,1.0,1.0,1.0,1.0,0.8666666666666667,0.65,1.0,0.9485892943485225
16.0,0.0,0.0,3424.0,1.0,1.0,1.0,1.0,1.0,0.8,1.0,0.9593998123587795
19.0,0.0,0.0,3421.0,1.0,1.0,1.0,1.0,1.0,0.95,1.0,0.9782681080260385
13.0,0.0,1.0,3426.0,1.0,0.9285714285714286,0.962962962962963,0.9634835084469433,0.9333333333333333,0.7,1.0,0.9182961773215756
10.0,0.0,0.0,3430.0,1.0,1.0,1.0,1.0,0.6666666666666666,0.5,1.0,0.9903082415240669
10.0,0.0,0.0,3430.0,1.0,1.0,1.0,1.0,0.6666666666666666,0.5,1.0,0.9891144142862899
10.0,0.0,0.0,3430.0,1.0,1.0,1.0,1.0,0.6666666666666666,0.5,1.0,0.9917383279560902
9.0,0.0,1.0,3430.0,1.0,0.9,0.9473684210526316,0.9485450362559954,0.6666666666666666,0.5,1.0,0.9913287626053768
11.0,0.0,0.0,3429.0,1.0,1.0,1.0,1.0,0.7333333333333333,0.55,1.0,0.40366580962927007
14.0,0.0,0.0,3426.0,1.0,1.0,1.0,1.0,0.9333333333333333,0.7,1.0,0.9916913636408498
22.0,0.0,0.0,3418.0,1.0,1.0,1.0,1.0,1.0,1.0,1.0,0.6065955738595707
26.0,0.0,3.0,3411.0,1.0,0.896551724137931,0.9454545454545454,0.9464480403579417,1.0,1.0,0.9655172413793104,0.9123466643766519
32.0,1.0,1.0,3406.0,0.9696969696969697,0.9696969696969697,0.9696969696969697,0.969403456342112,0.9333333333333333,0.95,0.9696969696969697,0.9859403827666111
25.0,1.0,4.0,3410.0,0.9615384615384616,0.8620689655172413,0.9090909090909091,0.9097367075790215,1.0,1.0,0.9655172413793104,0.9784374317164342
27.0,1.0,3.0,3409.0,0.9642857142857143,0.9,0.9310344827586207,0.9310119731942291,1.0,1.0,0.9666666666666667,0.9407514590477778
28.0,0.0,4.0,3408.0,1.0,0.875,0.9333333333333333,0.9348658773723981,1.0,1.0,0.96875,0.9659667772374294
11.0,0.0,0.0,3429.0,1.0,1.0,1.0,1.0,0.7333333333333333,0.55,1.0,0.989062577863646
11.0,0.0,0.0,3429.0,1.0,1.0,1.0,1.0,0.7333333333333333,0.55,1.0,0.9946849305565423
11.0,0.0,0.0,3429.0,1.0,1.0,1.0,1.0,0.7333333333333333,0.55,1.0,0.9968561012601369
16.0,0.0,1.0,3423.0,1.0,0.9411764705882353,0.9696969696969697,0.9700008217947925,1.0,0.85,1.0,0.9848019325487581
15.0,0.0,2.0,3423.0,1.0,0.8823529411764706,0.9375,0.9390621377646331,1.0,0.85,1.0,0.9914600126250864
17.0,2.0,0.0,3421.0,0.8947368421052632,1.0,0.9444444444444444,0.9456289244541289,0.8666666666666667,0.85,0.8823529411764706,0.9145046204710514
10.0,0.0,0.0,3430.0,1.0,1.0,1.0,1.0,0.6666666666666666,0.5,1.0,0.9956454220037362
11.0,0.0,0.0,3429.0,1.0,1.0,1.0,1.0,0.7333333333333333,0.55,1.0,0.9944223644486523
10.0,1.0,1.0,3428.0,0.9090909090909091,0.9090909090909091,0.9090909090909091,0.908799278878019,0.7333333333333333,0.55,0.9090909090909091,0.23510701638603912
17.0,0.0,0.0,3423.0,1.0,1.0,1.0,1.0,1.0,0.85,1.0,0.8775266326850494
17.0,0.0,0.0,3423.0,1.0,1.0,1.0,1.0,1.0,0.85,1.0,0.8631523022101564
23.0,0.0,0.0,3417.0,1.0,1.0,1.0,1.0,1.0,1.0,1.0,0.5518529547137951
21.0,0.0,2.0,3417.0,1.0,0.9130434782608695,0.9545454545454545,0.9552535676650579,1.0,1.0,0.9565217391304348,0.7428682747081254
33.0,3.0,0.0,3404.0,0.9166666666666666,1.0,0.9565217391304348,0.957005488459083,0.9333333333333333,0.9,0.9393939393939394,0.27034181545716074
33.0,6.0,0.0,3401.0,0.8461538461538461,1.0,0.9166666666666666,0.9190558750311019,0.8,0.8,0.8181818181818182,0.5836931071527335
17.0,2.0,0.0,3421.0,0.8947368421052632,1.0,0.9444444444444444,0.9456289244541289,0.8666666666666667,0.85,0.8823529411764706,0.19828413250414287
10.0,0.0,0.0,3430.0,1.0,1.0,1.0,1.0,0.6666666666666666,0.5,1.0,0.9942673287356784
10.0,0.0,0.0,3430.0,1.0,1.0,1.0,1.0,0.6666666666666666,0.5,1.0,0.9964257439549209
10.0,0.0,0.0,3430.0,1.0,1.0,1.0,1.0,0.6666666666666666,0.5,1.0,0.995063377756755
10.0,0.0,0.0,3430.0,1.0,1.0,1.0,1.0,0.6666666666666666,0.5,1.0,0.9857248407618892
14.0,0.0,0.0,3426.0,1.0,1.0,1.0,1.0,0.9333333333333333,0.7,1.0,0.7917000095822287
10.0,0.0,0.0,3430.0,1.0,1.0,1.0,1.0,0.6666666666666666,0.5,1.0,0.9888277982873045
11.0,0.0,0.0,3429.0,1.0,1.0,1.0,1.0,0.7333333333333333,0.55,1.0,0.9931224913814173
9.0,0.0,1.0,3430.0,1.0,0.9,0.9473684210526316,0.9485450362559954,0.6,0.45,0.9,0.9569409507520307
7.0,0.0,3.0,3430.0,1.0,0.7,0.8235294117647058,0.8362943800631778,0.6,0.45,0.8,0.9960268116252572
14.0,0.0,0.0,3426.0,1.0,1.0,1.0,1.0,0.9333333333333333,0.7,1.0,0.9720072531481617
14.0,0.0,0.0,3426.0,1.0,1.0,1.0,1.0,0.9333333333333333,0.7,1.0,0.9625249148674144
10.0,0.0,0.0,3430.0,1.0,1.0,1.0,1.0,0.6666666666666666,0.5,1.0,0.9343100951416269
9.0,0.0,1.0,3430.0,1.0,0.9,0.9473684210526316,0.9485450362559954,0.6666666666666666,0.5,1.0,0.9953604550491477
11.0,2.0,0.0,3427.0,0.8461538461538461,1.0,0.9166666666666666,0.9195979111009676,0.7333333333333333,0.55,0.9090909090909091,0.2181720138433735
11.0,2.0,0.0,3427.0,0.8461538461538461,1.0,0.9166666666666666,0.9195979111009676,0.7333333333333333,0.55,0.8181818181818182,0.4393301139222443
12.0,0.0,0.0,3428.0,1.0,1.0,1.0,1.0,0.8,0.6,1.0,0.2049009361055255
8.0,0.0,2.0,3430.0,1.0,0.8,0.888888888888889,0.8941665390372195,0.6666666666666666,0.5,1.0,0.98878409788141
10.0,0.0,0.0,3430.0,1.0,1.0,1.0,1.0,0.6666666666666666,0.5,1.0,0.9918931227721225
20.0,1.0,0.0,3419.0,0.9523809523809523,1.0,0.975609756097561,0.9757573870682547,0.9333333333333333,0.95,0.95,0.7736857052751921
17.0,0.0,0.0,3423.0,1.0,1.0,1.0,1.0,1.0,0.85,1.0,0.6933713849649338
18.0,0.0,0.0,3422.0,1.0,1.0,1.0,1.0,1.0,0.9,1.0,0.606911641414328
18.0,0.0,0.0,3422.0,1.0,1.0,1.0,1.0,1.0,0.9,1.0,0.74507484606136
21.0,1.0,1.0,3417.0,0.9545454545454546,0.9545454545454546,0.9545454545454546,0.9542528857917975,1.0,1.0,0.9545454545454546,0.8271916643794551
22.0,0.0,0.0,3418.0,1.0,1.0,1.0,1.0,1.0,1.0,1.0,0.837460066797043
23.0,0.0,0.0,3417.0,1.0,1.0,1.0,1.0,1.0,1.0,1.0,0.8237260155639172
22.0,1.0,1.0,3416.0,0.9565217391304348,0.9565217391304348,0.9565217391304348,0.9562290847552519,1.0,1.0,0.9565217391304348,0.8251438394034772
23.0,0.0,0.0,3417.0,1.0,1.0,1.0,1.0,1.0,1.0,1.0,0.7070160728110289
23.0,0.0,0.0,3417.0,1.0,1.0,1.0,1.0,1.0,1.0,1.0,0.6718961065151139
23.0,0.0,0.0,3417.0,1.0,1.0,1.0,1.0,1.0,1.0,1.0,0.6937613757045837
23.0,0.0,0.0,3417.0,1.0,1.0,1.0,1.0,1.0,1.0,1.0,0.7903476350389196
22.0,0.0,1.0,3417.0,1.0,0.9565217391304348,0.9777777777777777,0.9778762144348188,1.0,1.0,1.0,0.8354496718978344
11.0,0.0,1.0,3428.0,1.0,0.9166666666666666,0.9565217391304348,0.9572874902407936,0.8,0.6,1.0,0.7630702049726477
11.0,0.0,1.0,3428.0,1.0,0.9166666666666666,0.9565217391304348,0.9572874902407936,0.8,0.6,1.0,0.8179065605450013
24.0,3.0,0.0,3413.0,0.8888888888888888,1.0,0.9411764705882353,0.9423949537025261,0.8666666666666667,0.9,0.9166666666666666,0.7456018803921755
22.0,1.0,2.0,3415.0,0.9565217391304348,0.9166666666666666,0.9361702127659574,0.9359461631452559,0.9333333333333333,0.95,0.9583333333333334,0.7928265190155114
9.0,0.0,1.0,3430.0,1.0,0.9,0.9473684210526316,0.9485450362559954,0.6666666666666666,0.5,1.0,0.9941757934170579
10.0,2.0,2.0,3426.0,0.8333333333333334,0.8333333333333334,0.8333333333333334,0.8327499027615713,0.8,0.6,0.8333333333333334,0.29027652957995986
15.0,2.0,0.0,3423.0,0.8823529411764706,1.0,0.9375,0.9390621377646331,0.8666666666666667,0.75,0.8666666666666667,0.34063478614842574
14.0,0.0,0.0,3426.0,1.0,1.0,1.0,1.0,0.9333333333333333,0.7,1.0,0.32260762814619426
14.0,2.0,0.0,3424.0,0.875,1.0,0.9333333333333333,0.93514127287459,0.8666666666666667,0.7,0.8571428571428571,0.52260512220153
12.0,2.0,0.0,3426.0,0.8571428571428571,1.0,0.923076923076923,0.9255499844933457,0.8,0.6,0.8333333333333334,0.47705688551075054
11.0,0.0,1.0,3428.0,1.0,0.9166666666666666,0.9565217391304348,0.9572874902407936,0.8,0.6,1.0,0.26480453641370943
12.0,0.0,0.0,3428.0,1.0,1.0,1.0,1.0,0.8,0.6,1.0,0.26649509564802104
14.0,0.0,0.0,3426.0,1.0,1.0,1.0,1.0,0.9333333333333333,0.7,1.0,0.30973186639280414
14.0,0.0,0.0,3426.0,1.0,1.0,1.0,1.0,0.9333333333333333,0.7,1.0,0.3090181073378908
14.0,3.0,1.0,3422.0,0.8235294117647058,0.9333333333333333,0.8749999999999999,0.8761470777994887,0.8,0.75,0.8,0.34048507653009247
14.0,1.0,0.0,3425.0,0.9333333333333333,1.0,0.9655172413793104,0.9659507786586252,0.9333333333333333,0.7,0.9285714285714286,0.3974364179472476
12.0,0.0,0.0,3428.0,1.0,1.0,1.0,1.0,0.8,0.6,1.0,0.26894791510105104
14.0,0.0,1.0,3425.0,1.0,0.9333333333333333,0.9655172413793104,0.9659507786586252,0.9333333333333333,0.75,0.9333333333333333,0.296109254932853
14.0,0.0,0.0,3426.0,1.0,1.0,1.0,1.0,0.9333333333333333,0.7,1.0,0.30117612249968495
11.0,1.0,1.0,3427.0,0.9166666666666666,0.9166666666666666,0.9166666666666666,0.9163749513807857,0.8,0.6,0.9166666666666666,0.383932929182733
14.0,2.0,0.0,3424.0,0.875,1.0,0.9333333333333333,0.93514127287459,0.8666666666666667,0.7,0.8571428571428571,0.5596516903282398
14.0,0.0,0.0,3426.0,1.0,1.0,1.0,1.0,0.9333333333333333,0.7,1.0,0.3033225820320477
16.0,4.0,1.0,3419.0,0.8,0.9411764705882353,0.8648648648648648,0.8670244909398002,0.7333333333333333,0.8,0.7647058823529411,0.5456530179642262
12.0,2.0,0.0,3426.0,0.8571428571428571,1.0,0.923076923076923,0.9255499844933457,0.8,0.6,0.8333333333333334,0.30753288566632575
12.0,2.0,0.0,3426.0,0.8571428571428571,1.0,0.923076923076923,0.9255499844933457,0.8,0.6,0.8333333333333334,0.3318724804994218
11.0,0.0,0.0,3429.0,1.0,1.0,1.0,1.0,0.7333333333333333,0.55,1.0,0.5291132065383318
12.0,0.0,1.0,3427.0,1.0,0.9230769230769231,0.9600000000000001,0.9606287771186212,0.8666666666666667,0.65,1.0,0.9636836135711236
10.0,0.0,0.0,3430.0,1.0,1.0,1.0,1.0,0.6666666666666666,0.5,1.0,0.9929187244434484
10.0,0.0,0.0,3430.0,1.0,1.0,1.0,1.0,0.6666666666666666,0.5,1.0,0.9622535295201371
19.0,2.0,2.0,3417.0,0.9047619047619048,0.9047619047619048,0.9047619047619048,0.9041769383974707,0.9333333333333333,0.95,0.9047619047619048,0.9542125375344094
11.0,1.0,2.0,3426.0,0.9166666666666666,0.8461538461538461,0.8799999999999999,0.8802727078333362,0.8666666666666667,0.65,0.9230769230769231,0.9742476164814113
13.0,0.0,0.0,3427.0,1.0,1.0,1.0,1.0,0.8666666666666667,0.65,1.0,0.9097692963714926
22.0,1.0,0.0,3417.0,0.9565217391304348,1.0,0.9777777777777777,0.9778762144348188,0.9333333333333333,0.95,0.9545454545454546,0.9447578658841714
24.0,2.0,0.0,3414.0,0.9230769230769231,1.0,0.9600000000000001,0.9604876261116169,0.9333333333333333,0.95,0.9583333333333334,0.8280343580939576
26.0,1.0,1.0,3412.0,0.9629629629629629,0.9629629629629629,0.9629629629629629,0.9626699655999392,0.9333333333333333,0.95,0.9629629629629629,0.887706943073301
11.0,0.0,0.0,3429.0,1.0,1.0,1.0,1.0,0.7333333333333333,0.55,1.0,0.9178089100652633
10.0,0.0,0.0,3430.0,1.0,1.0,1.0,1.0,0.6666666666666666,0.5,1.0,0.9913260002593074
10.0,0.0,0.0,3430.0,1.0,1.0,1.0,1.0,0.6666666666666666,0.5,1.0,0.9882983580020266
10.0,0.0,0.0,3430.0,1.0,1.0,1.0,1.0,0.6666666666666666,0.5,1.0,0.9871709691670164
12.0,2.0,0.0,3426.0,0.8571428571428571,1.0,0.923076923076923,0.9255499844933457,0.8,0.6,0.8333333333333334,0.2519680964090037
9.0,0.0,1.0,3430.0,1.0,0.9,0.9473684210526316,0.9485450362559954,0.6666666666666666,0.5,1.0,0.9931728623782241
12.0,1.0,0.0,3427.0,0.9230769230769231,1.0,0.9600000000000001,0.9606287771186212,0.8,0.6,0.9166666666666666,0.25639126766354586
13.0,1.0,0.0,3426.0,0.9285714285714286,1.0,0.962962962962963,0.9634835084469433,0.8666666666666667,0.65,0.9230769230769231,0.19291866606868147
11.0,0.0,0.0,3429.0,1.0,1.0,1.0,1.0,0.7333333333333333,0.55,1.0,0.9489448023841422
11.0,0.0,0.0,3429.0,1.0,1.0,1.0,1.0,0.7333333333333333,0.55,1.0,0.18387133681205167
12.0,0.0,0.0,3428.0,1.0,1.0,1.0,1.0,0.8,0.6,1.0,0.18160884638992328
11.0,2.0,0.0,3427.0,0.8461538461538461,1.0,0.9166666666666666,0.9195979111009676,0.7333333333333333,0.55,0.8181818181818182,0.311149738206961
10.0,1.0,1.0,3428.0,0.9090909090909091,0.9090909090909091,0.9090909090909091,0.908799278878019,0.7333333333333333,0.55,0.9090909090909091,0.19071506819930178
13.0,1.0,0.0,3426.0,0.9285714285714286,1.0,0.962962962962963,0.9634835084469433,0.8666666666666667,0.65,0.9230769230769231,0.3846278137647404
11.0,2.0,0.0,3427.0,0.8461538461538461,1.0,0.9166666666666666,0.9195979111009676,0.7333333333333333,0.55,0.8181818181818182,0.24158022388123457
12.0,2.0,0.0,3426.0,0.8571428571428571,1.0,0.923076923076923,0.9255499844933457,0.8,0.6,0.8333333333333334,0.43964073720180447
9.0,0.0,1.0,3430.0,1.0,0.9,0.9473684210526316,0.9485450362559954,0.6666666666666666,0.5,1.0,0.9787165945273748
10.0,0.0,0.0,3430.0,1.0,1.0,1.0,1.0,0.6666666666666666,0.5,1.0,0.8089288808053244
15.0,1.0,1.0,3423.0,0.9375,0.9375,0.9375,0.9372079439252337,0.9333333333333333,0.8,0.9375,0.8743956580643066
12.0,0.0,1.0,3427.0,1.0,0.9230769230769231,0.9600000000000001,0.9606287771186212,0.8666666666666667,0.65,0.9230769230769231,0.5791051301030654
19.0,0.0,1.0,3420.0,1.0,0.95,0.9743589743589743,0.9745369687292794,1.0,1.0,1.0,0.9921096345634597
19.0,0.0,1.0,3420.0,1.0,0.95,0.9743589743589743,0.9745369687292794,1.0,0.95,0.95,0.995612076517684
11.0,0.0,0.0,3429.0,1.0,1.0,1.0,1.0,0.7333333333333333,0.55,1.0,0.7331653824725866
13.0,2.0,0.0,3425.0,0.8666666666666667,1.0,0.9285714285714286,0.9306776452090689,0.8666666666666667,0.65,0.8461538461538461,0.7371986315297188
19.0,2.0,0.0,3419.0,0.9047619047619048,1.0,0.9500000000000001,0.9509116462086992,0.8666666666666667,0.9,0.8947368421052632,0.8331897676388029
21.0,0.0,2.0,3417.0,1.0,0.9130434782608695,0.9545454545454545,0.9552535676650579,1.0,1.0,1.0,0.9849886930088934
20.0,0.0,1.0,3419.0,1.0,0.9523809523809523,0.975609756097561,0.9757573870682547,1.0,1.0,1.0,0.9952524842318597
21.0,0.0,1.0,3418.0,1.0,0.9545454545454546,0.9767441860465117,0.9768655312034192,1.0,1.0,1.0,0.9232794549449546
20.0,0.0,1.0,3419.0,1.0,0.9523809523809523,0.975609756097561,0.9757573870682547,1.0,1.0,1.0,0.9953817987424897
9.0,2.0,2.0,3427.0,0.8181818181818182,0.8181818181818182,0.8181818181818182,0.8175985577560381,0.6,0.45,0.8181818181818182,0.5033887854120562
11.0,2.0,0.0,3427.0,0.8461538461538461,1.0,0.9166666666666666,0.9195979111009676,0.7333333333333333,0.55,0.8181818181818182,0.32882006697562394
11.0,4.0,0.0,3425.0,0.7333333333333333,1.0,0.846153846153846,0.8558492184426272,0.7333333333333333,0.55,0.6363636363636364,0.3269170608882178
9.0,0.0,1.0,3430.0,1.0,0.9,0.9473684210526316,0.9485450362559954,0.6666666666666666,0.5,1.0,0.9959616628794719
13.0,2.0,0.0,3425.0,0.8666666666666667,1.0,0.9285714285714286,0.9306776452090689,0.8666666666666667,0.65,0.8461538461538461,0.350799557611896
10.0,2.0,1.0,3427.0,0.8333333333333334,0.9090909090909091,0.8695652173913043,0.8699567125164823,0.7333333333333333,0.55,0.8181818181818182,0.32496604726161216
12.0,1.0,2.0,3425.0,0.9230769230769231,0.8571428571428571,0.888888888888889,0.8890665326272503,0.8,0.6,0.8571428571428571,0.31653319915371925
11.0,0.0,0.0,3429.0,1.0,1.0,1.0,1.0,0.7333333333333333,0.55,1.0,0.2694018739151472
11.0,0.0,0.0,3429.0,1.0,1.0,1.0,1.0,0.7333333333333333,0.55,1.0,0.292520903941312
10.0,1.0,0.0,3429.0,0.9090909090909091,1.0,0.9523809523809523,0.953323590398109,0.6666666666666666,0.5,0.9,0.3820975459099183
10.0,0.0,0.0,3430.0,1.0,1.0,1.0,1.0,0.6666666666666666,0.5,1.0,0.3331706027457939
10.0,0.0,0.0,3430.0,1.0,1.0,1.0,1.0,0.6666666666666666,0.5,1.0,0.33724499526456675
10.0,1.0,0.0,3429.0,0.9090909090909091,1.0,0.9523809523809523,0.953323590398109,0.6666666666666666,0.5,0.9,0.36670702776902886
10.0,1.0,0.0,3429.0,0.9090909090909091,1.0,0.9523809523809523,0.953323590398109,0.6666666666666666,0.5,0.9,0.6849699803493091
9.0,1.0,1.0,3429.0,0.9,0.9,0.9,0.8997084548104957,0.6,0.45,0.9,0.6717071188806168
17.0,1.0,0.0,3422.0,0.9444444444444444,1.0,0.9714285714285714,0.9716833502358617,0.9333333333333333,0.85,0.9411764705882353,0.8407136823861288
18.0,1.0,0.0,3421.0,0.9473684210526315,1.0,0.972972972972973,0.973186300068424,0.9333333333333333,0.9,0.9444444444444444,0.8498161037890083
17.0,0.0,0.0,3423.0,1.0,1.0,1.0,1.0,1.0,0.85,1.0,0.9543800157499752
17.0,0.0,0.0,3423.0,1.0,1.0,1.0,1.0,1.0,0.85,1.0,0.9043327268946257
10.0,0.0,0.0,3430.0,1.0,1.0,1.0,1.0,0.6666666666666666,0.5,1.0,0.6133300994679716
22.0,0.0,0.0,3418.0,1.0,1.0,1.0,1.0,1.0,1.0,1.0,0.9807807797515614
16.0,0.0,1.0,3423.0,1.0,0.9411764705882353,0.9696969696969697,0.9700008217947925,1.0,0.85,1.0,0.9440832269208703
10.0,1.0,0.0,3429.0,0.9090909090909091,1.0,0.9523809523809523,0.953323590398109,0.6666666666666666,0.5,0.9,0.36878137587798415
10.0,0.0,0.0,3430.0,1.0,1.0,1.0,1.0,0.6666666666666666,0.5,1.0,0.31498686023513967
13.0,1.0,0.0,3426.0,0.9285714285714286,1.0,0.962962962962963,0.9634835084469433,0.8666666666666667,0.65,0.9230769230769231,0.3410710179634838
11.0,1.0,0.0,3428.0,0.9166666666666666,1.0,0.9565217391304348,0.9572874902407936,0.7333333333333333,0.55,0.9090909090909091,0.2984923411277718
11.0,0.0,1.0,3428.0,1.0,0.9166666666666666,0.9565217391304348,0.9572874902407936,0.8,0.6,1.0,0.25241490401266886
11.0,1.0,0.0,3428.0,0.9166666666666666,1.0,0.9565217391304348,0.9572874902407936,0.7333333333333333,0.55,0.9090909090909091,0.24784819644643566
46.0,4.0,4.0,3386.0,0.92,0.92,0.92,0.9188200589970501,0.8666666666666667,0.9,0.92,0.5748922673007701
41.0,3.0,1.0,3395.0,0.9318181818181818,0.9761904761904762,0.9534883720930233,0.9531642907387726,0.9333333333333333,0.95,0.9285714285714286,0.5767125090497343
48.0,1.0,2.0,3389.0,0.9795918367346939,0.96,0.9696969696969697,0.9693055077959727,1.0,1.0,0.96,0.4742988872330165
46.0,3.0,4.0,3387.0,0.9387755102040817,0.92,0.9292929292929293,0.9283094919747623,0.8666666666666667,0.9,0.92,0.7680664336110802
11.0,0.0,0.0,3429.0,1.0,1.0,1.0,1.0,0.7333333333333333,0.55,1.0,0.9946724563326845
11.0,0.0,0.0,3429.0,1.0,1.0,1.0,1.0,0.7333333333333333,0.55,1.0,0.9950350868037218
